,dataset,model,batch_size,sparsity,finetune_strategy,epsilon,delta,use_fixed_w_mask_finding,use_delta_weight_optim,use_w_tilde,classifier_lr,lr,clipping,Train acc,Test acc,Finished epochs,Finished exp
183,'cifar10','deit_small_patch16_224',500,0.8,'all_layers',1.0,1e-05,True,False,False,0.1,0.005,0.75,93.83969618229062,94.36,51,16
187,'cifar10','deit_small_patch16_224',500,0.5,'all_layers',1.0,1e-05,True,True,False,0.1,0.005,0.75,93.99160503697782,94.06,51,16
186,'cifar10','deit_small_patch16_224',500,0.2,'all_layers',1.0,1e-05,True,True,False,0.1,0.005,0.75,93.8157105736558,93.98,51,16
184,'cifar10','deit_small_patch16_224',500,0.9,'all_layers',1.0,1e-05,True,False,False,0.1,0.005,0.75,93.85768538876674,93.95,51,16
185,'cifar10','deit_small_patch16_224',500,0.1,'all_layers',1.0,1e-05,True,True,False,0.1,0.005,0.75,93.6458125124925,93.85,51,16
3,'cifar10','deit_tiny_patch16_224',500,0.5,'all_layers',1.0,1e-05,True,True,False,0.1,0.005,0.75,90.45226130653266,90.5,51,16
1,'cifar10','deit_tiny_patch16_224',500,0.8,'all_layers',1.0,1e-05,True,False,False,0.1,0.005,0.75,90.37017758113276,90.38,51,16
12,'cifar10','deit_tiny_patch16_224',500,0.9,'all_layers',1.0,1e-05,True,False,False,0.1,0.005,0.75,90.49830827443994,90.32,51,16
13,'cifar10','deit_tiny_patch16_224',500,0.2,'all_layers',1.0,1e-05,True,True,False,0.1,0.005,0.75,90.13393661534764,90.06,51,16
2,'cifar10','deit_tiny_patch16_224',500,0.1,'all_layers',1.0,1e-05,True,True,False,0.1,0.005,0.75,89.87166910248453,89.92,51,16
146,'cifar100','deit_small_patch16_224',500,0.2,'all_layers',1.0,1e-05,True,True,False,0.1,0.005,0.75,64.62474726242668,64.59,51,16
147,'cifar100','deit_small_patch16_224',500,0.5,'all_layers',1.0,1e-05,True,True,False,0.1,0.005,0.75,64.54667387344104,64.59,51,16
144,'cifar100','deit_small_patch16_224',500,0.9,'all_layers',1.0,1e-05,True,False,False,0.1,0.005,0.75,64.73284887794527,64.55,51,16
148,'cifar100','deit_small_patch16_224',500,0.8,'all_layers',1.0,1e-05,True,True,False,0.1,0.005,0.75,64.7688827497848,64.41,51,16
145,'cifar100','deit_small_patch16_224',500,0.1,'all_layers',1.0,1e-05,True,True,False,0.1,0.005,0.75,64.59672091766261,64.07,51,16
