,dataset,model,batch_size,sparsity,finetune_strategy,epsilon,delta,use_fixed_w_mask_finding,use_delta_weight_optim,use_w_tilde,classifier_lr,lr,clipping,Train acc,Test acc,Finished epochs,Finished exp
218,'cifar10','deit_small_patch16_224',500,0.2,'all_layers',1.0,1e-05,True,False,True,0.1,0.005,0.75,94.24145512692384,94.59,51,8
216,'cifar10','deit_small_patch16_224',500,0.1,'all_layers',1.0,1e-05,True,False,True,0.1,0.005,0.75,94.23945632620428,94.46,51,13
220,'cifar10','deit_small_patch16_224',500,0.5,'all_layers',1.0,1e-05,True,False,True,0.1,0.005,0.75,94.01559064561263,94.24,51,8
222,'cifar10','deit_small_patch16_224',500,0.8,'all_layers',1.0,1e-05,True,False,True,0.1,0.005,0.75,93.90165900459724,94.11,51,8
224,'cifar10','deit_small_patch16_224',500,0.9,'all_layers',1.0,1e-05,True,False,True,0.1,0.005,0.75,93.88167099740156,94.08,51,8
5,'cifar10','deit_tiny_patch16_224',500,0.1,'all_layers',1.0,1e-05,True,False,True,0.1,0.005,0.75,90.78460029229817,90.82,51,16
25,'cifar10','deit_tiny_patch16_224',500,0.2,'all_layers',1.0,1e-05,True,False,True,0.1,0.005,0.75,90.75857374522012,90.57,51,16
28,'cifar10','deit_tiny_patch16_224',500,0.5,'all_layers',1.0,1e-05,True,True,True,0.1,0.005,0.75,90.5443552423472,90.5,51,16
26,'cifar10','deit_tiny_patch16_224',500,0.8,'all_layers',1.0,1e-05,True,False,True,0.1,0.005,0.75,90.40221025445956,90.19,51,16
29,'cifar10','deit_tiny_patch16_224',500,0.9,'all_layers',1.0,1e-05,True,True,True,0.1,0.005,0.75,90.42823680153757,90.05,51,16
214,'cifar100','deit_small_patch16_224',500,0.1,'all_layers',1.0,1e-05,True,True,True,0.1,0.005,0.75,65.16125157648189,65.29,51,13
206,'cifar100','deit_small_patch16_224',500,0.2,'all_layers',1.0,1e-05,True,False,True,0.1,0.005,0.75,65.40548115228314,65.03,51,8
208,'cifar100','deit_small_patch16_224',500,0.5,'all_layers',1.0,1e-05,True,False,True,0.1,0.005,0.75,65.31539647268433,64.99,51,8
212,'cifar100','deit_small_patch16_224',500,0.9,'all_layers',1.0,1e-05,True,False,True,0.1,0.005,0.75,64.7848978039357,64.74,51,8
210,'cifar100','deit_small_patch16_224',500,0.8,'all_layers',1.0,1e-05,True,False,True,0.1,0.005,0.75,64.95505775428903,64.53,51,8
125,'cifar100','deit_tiny_patch16_224',500,0.1,'all_layers',1.0,1e-05,True,False,True,0.1,0.005,0.75,55.87505502861488,55.08,51,16
128,'cifar100','deit_tiny_patch16_224',500,0.2,'all_layers',1.0,1e-05,True,True,True,0.1,0.005,0.75,55.600912474486734,55.02,51,16
126,'cifar100','deit_tiny_patch16_224',500,0.5,'all_layers',1.0,1e-05,True,False,True,0.1,0.005,0.75,55.45883859606996,54.84,51,16
136,'cifar100','deit_tiny_patch16_224',500,0.8,'all_layers',1.0,1e-05,True,False,True,0.1,0.005,0.75,54.94056909592988,54.24,51,16
139,'cifar100','deit_tiny_patch16_224',500,0.9,'all_layers',1.0,1e-05,True,True,True,0.1,0.005,0.75,54.74846920398608,53.8,51,16
