,dataset,model,batch_size,sparsity,finetune_strategy,epsilon,delta,use_fixed_w_mask_finding,use_delta_weight_optim,use_w_tilde,classifier_lr,lr,clipping,Train acc,Test acc,Finished epochs
183,'cifar10','deit_small_patch16_224',500,0.8,'all_layers',1.0,1e-05,True,False,False,0.1,0.005,0.75,93.83969618229062,94.36,51
188,'cifar10','deit_small_patch16_224',500,0.8,'all_layers',1.0,1e-05,True,True,False,0.1,0.005,0.75,93.90165900459724,94.3,51
223,'cifar10','deit_small_patch16_224',500,0.8,'all_layers',1.0,1e-05,True,False,False,0.1,0.005,1.0,92.90425744553268,93.22,51
228,'cifar10','deit_small_patch16_224',500,0.8,'all_layers',1.0,1e-05,True,True,False,0.1,0.005,1.0,92.96422146711971,93.17,51
168,'cifar10','deit_small_patch16_224',500,0.8,'all_layers',1.0,1e-05,True,True,False,0.2,0.005,0.75,92.68638816709974,93.08,51
198,'cifar10','deit_small_patch16_224',500,0.8,'all_layers',1.0,1e-05,True,True,False,0.1,0.001,0.75,92.8203078153108,93.05,51
193,'cifar10','deit_small_patch16_224',500,0.8,'all_layers',1.0,1e-05,True,False,False,0.1,0.001,0.75,92.796322206676,92.99,51
163,'cifar10','deit_small_patch16_224',500,0.8,'all_layers',1.0,1e-05,True,False,False,0.2,0.005,0.75,92.68838696781933,92.93,51
238,'cifar10','deit_small_patch16_224',500,0.8,'all_layers',1.0,1e-05,True,True,False,0.1,0.001,1.0,92.4805116929842,92.54,51
233,'cifar10','deit_small_patch16_224',500,0.8,'all_layers',1.0,1e-05,True,False,False,0.1,0.001,1.0,92.42054767139716,92.48,51
213,'cifar10','deit_small_patch16_224',500,0.8,'all_layers',1.0,1e-05,True,False,False,0.2,0.005,1.0,91.60503697781331,91.61,51
218,'cifar10','deit_small_patch16_224',500,0.8,'all_layers',1.0,1e-05,True,True,False,0.2,0.005,1.0,91.62102738356984,91.55,51
173,'cifar10','deit_small_patch16_224',500,0.8,'all_layers',1.0,1e-05,True,False,False,0.2,0.01,0.75,90.48370977413552,90.33,51
178,'cifar10','deit_small_patch16_224',500,0.8,'all_layers',1.0,1e-05,True,True,False,0.2,0.01,0.75,90.51968818708777,90.33,51
203,'cifar10','deit_small_patch16_224',500,0.8,'all_layers',1.0,1e-05,True,False,False,0.2,0.01,1.0,86.97181690985408,86.89,51
208,'cifar10','deit_small_patch16_224',500,0.8,'all_layers',1.0,1e-05,True,True,False,0.2,0.01,1.0,86.92584449330401,86.56,51
