,dataset,model,batch_size,sparsity,finetune_strategy,epsilon,delta,use_fixed_w_mask_finding,use_delta_weight_optim,use_w_tilde,classifier_lr,lr,clipping,Train acc,Test acc,Finished epochs
148,'cifar100','deit_small_patch16_224',500,0.8,'all_layers',1.0,1e-05,True,True,False,0.1,0.005,0.75,64.7688827497848,64.41,51
143,'cifar100','deit_small_patch16_224',500,0.8,'all_layers',1.0,1e-05,True,False,False,0.1,0.005,0.75,64.70282065141232,64.09,51
108,'cifar100','deit_small_patch16_224',500,0.8,'all_layers',1.0,1e-05,True,True,False,0.1,0.005,1.0,61.68598482573619,61.52,51
103,'cifar100','deit_small_patch16_224',500,0.8,'all_layers',1.0,1e-05,True,False,False,0.1,0.005,1.0,61.641943426821214,61.41,51
158,'cifar100','deit_small_patch16_224',500,0.8,'all_layers',1.0,1e-05,True,True,False,0.1,0.001,0.75,57.7162532780814,56.61,51
153,'cifar100','deit_small_patch16_224',500,0.8,'all_layers',1.0,1e-05,True,False,False,0.1,0.001,0.75,57.49404440173763,56.37,51
88,'cifar100','deit_small_patch16_224',500,0.8,'all_layers',1.0,1e-05,True,True,False,0.2,0.005,0.75,56.29691910395772,55.56,51
83,'cifar100','deit_small_patch16_224',500,0.8,'all_layers',1.0,1e-05,True,False,False,0.2,0.005,0.75,56.160791143675056,55.18,51
98,'cifar100','deit_small_patch16_224',500,0.8,'all_layers',1.0,1e-05,True,True,False,0.2,0.01,0.75,55.08778251556463,54.61,51
93,'cifar100','deit_small_patch16_224',500,0.8,'all_layers',1.0,1e-05,True,False,False,0.2,0.01,0.75,55.02772606249875,54.57,51
118,'cifar100','deit_small_patch16_224',500,0.8,'all_layers',1.0,1e-05,True,True,False,0.1,0.001,1.0,54.23698276379797,53.37,51
113,'cifar100','deit_small_patch16_224',500,0.8,'all_layers',1.0,1e-05,True,False,False,0.1,0.001,1.0,54.02878705983625,53.08,51
138,'cifar100','deit_small_patch16_224',500,0.8,'all_layers',1.0,1e-05,True,True,False,0.2,0.005,1.0,53.1879967169139,52.42,51
133,'cifar100','deit_small_patch16_224',500,0.8,'all_layers',1.0,1e-05,True,False,False,0.2,0.005,1.0,52.831661762056335,51.88,51
123,'cifar100','deit_small_patch16_224',500,0.8,'all_layers',1.0,1e-05,True,False,False,0.2,0.01,1.0,48.05517186154986,47.43,51
128,'cifar100','deit_small_patch16_224',500,0.8,'all_layers',1.0,1e-05,True,True,False,0.2,0.01,1.0,47.36051888775449,46.92,51
