,dataset,model,batch_size,sparsity,finetune_strategy,epsilon,delta,use_fixed_w_mask_finding,use_delta_weight_optim,use_w_tilde,classifier_lr,lr,clipping,Train acc,Test acc,Finished epochs
187,'cifar10','deit_small_patch16_224',500,0.5,'all_layers',1.0,1e-05,True,True,False,0.1,0.005,0.75,93.99160503697782,94.06,51
182,'cifar10','deit_small_patch16_224',500,0.5,'all_layers',1.0,1e-05,True,False,False,0.1,0.005,0.75,93.92564461323208,93.84,51
227,'cifar10','deit_small_patch16_224',500,0.5,'all_layers',1.0,1e-05,True,True,False,0.1,0.005,1.0,93.09614231461124,93.16,51
222,'cifar10','deit_small_patch16_224',500,0.5,'all_layers',1.0,1e-05,True,False,False,0.1,0.005,1.0,93.13411952828304,93.12,51
167,'cifar10','deit_small_patch16_224',500,0.5,'all_layers',1.0,1e-05,True,True,False,0.2,0.005,0.75,92.5944433339996,92.77,51
197,'cifar10','deit_small_patch16_224',500,0.5,'all_layers',1.0,1e-05,True,True,False,0.1,0.001,0.75,92.57245652608437,92.66,51
192,'cifar10','deit_small_patch16_224',500,0.5,'all_layers',1.0,1e-05,True,False,False,0.1,0.001,0.75,92.4425344793124,92.6,51
162,'cifar10','deit_small_patch16_224',500,0.5,'all_layers',1.0,1e-05,True,False,False,0.2,0.005,0.75,92.56646012392564,92.59,51
237,'cifar10','deit_small_patch16_224',500,0.5,'all_layers',1.0,1e-05,True,True,False,0.1,0.001,1.0,92.18868678792724,92.26,51
232,'cifar10','deit_small_patch16_224',500,0.5,'all_layers',1.0,1e-05,True,False,False,0.1,0.001,1.0,91.9888067159704,92.05,51
217,'cifar10','deit_small_patch16_224',500,0.5,'all_layers',1.0,1e-05,True,True,False,0.2,0.005,1.0,91.73296022386567,91.76,51
212,'cifar10','deit_small_patch16_224',500,0.5,'all_layers',1.0,1e-05,True,False,False,0.2,0.005,1.0,91.7009794123526,91.68,51
177,'cifar10','deit_small_patch16_224',500,0.5,'all_layers',1.0,1e-05,True,True,False,0.2,0.01,0.75,91.20527683389966,91.29,51
172,'cifar10','deit_small_patch16_224',500,0.5,'all_layers',1.0,1e-05,True,False,False,0.2,0.01,0.75,91.347191684989,91.28,51
202,'cifar10','deit_small_patch16_224',500,0.5,'all_layers',1.0,1e-05,True,False,False,0.2,0.01,1.0,89.07255646612033,88.98,51
207,'cifar10','deit_small_patch16_224',500,0.5,'all_layers',1.0,1e-05,True,True,False,0.2,0.01,1.0,88.66080351788926,88.72,51
