,dataset,model,batch_size,sparsity,finetune_strategy,epsilon,delta,use_fixed_w_mask_finding,use_delta_weight_optim,use_w_tilde,classifier_lr,lr,clipping,Train acc,Test acc,Finished epochs
144,'cifar100','deit_small_patch16_224',500,0.9,'all_layers',1.0,1e-05,True,False,False,0.1,0.005,0.75,64.73284887794527,64.55,51
149,'cifar100','deit_small_patch16_224',500,0.9,'all_layers',1.0,1e-05,True,True,False,0.1,0.005,0.75,64.7528676956339,64.47,51
109,'cifar100','deit_small_patch16_224',500,0.9,'all_layers',1.0,1e-05,True,True,False,0.1,0.005,1.0,61.52383240245831,61.34,51
104,'cifar100','deit_small_patch16_224',500,0.9,'all_layers',1.0,1e-05,True,False,False,0.1,0.005,1.0,61.52183052068945,60.89,51
159,'cifar100','deit_small_patch16_224',500,0.9,'all_layers',1.0,1e-05,True,True,False,0.1,0.001,0.75,57.53808580065262,56.35,51
154,'cifar100','deit_small_patch16_224',500,0.9,'all_layers',1.0,1e-05,True,False,False,0.1,0.001,0.75,57.39595219506336,56.21,51
89,'cifar100','deit_small_patch16_224',500,0.9,'all_layers',1.0,1e-05,True,True,False,0.2,0.005,0.75,56.28090404980682,55.76,51
84,'cifar100','deit_small_patch16_224',500,0.9,'all_layers',1.0,1e-05,True,False,False,0.2,0.005,0.75,56.29091345865113,55.53,51
99,'cifar100','deit_small_patch16_224',500,0.9,'all_layers',1.0,1e-05,True,True,False,0.2,0.01,0.75,54.81953035853702,54.17,51
94,'cifar100','deit_small_patch16_224',500,0.9,'all_layers',1.0,1e-05,True,False,False,0.2,0.01,0.75,54.74946449662683,54.05,51
119,'cifar100','deit_small_patch16_224',500,0.9,'all_layers',1.0,1e-05,True,True,False,0.1,0.001,1.0,54.07483034052009,53.18,51
114,'cifar100','deit_small_patch16_224',500,0.9,'all_layers',1.0,1e-05,True,False,False,0.1,0.001,1.0,53.93870238023742,53.05,51
139,'cifar100','deit_small_patch16_224',500,0.9,'all_layers',1.0,1e-05,True,True,False,0.2,0.005,1.0,53.34814725842292,52.42,51
134,'cifar100','deit_small_patch16_224',500,0.9,'all_layers',1.0,1e-05,True,False,False,0.2,0.005,1.0,53.16597601745641,51.89,51
124,'cifar100','deit_small_patch16_224',500,0.9,'all_layers',1.0,1e-05,True,False,False,0.2,0.01,1.0,47.50265249334375,47.67,51
129,'cifar100','deit_small_patch16_224',500,0.9,'all_layers',1.0,1e-05,True,True,False,0.2,0.01,1.0,47.27643985346226,47.07,51
