,dataset,model,batch_size,sparsity,finetune_strategy,epsilon,delta,use_fixed_w_mask_finding,use_delta_weight_optim,use_w_tilde,classifier_lr,lr,clipping,Train acc,Test acc,Finished epochs
147,'cifar100','deit_small_patch16_224',500,0.5,'all_layers',1.0,1e-05,True,True,False,0.1,0.005,0.75,64.54667387344104,64.59,51
142,'cifar100','deit_small_patch16_224',500,0.5,'all_layers',1.0,1e-05,True,False,False,0.1,0.005,0.75,64.23037655396072,63.84,51
107,'cifar100','deit_small_patch16_224',500,0.5,'all_layers',1.0,1e-05,True,True,False,0.1,0.005,1.0,61.41773266870859,60.83,51
102,'cifar100','deit_small_patch16_224',500,0.5,'all_layers',1.0,1e-05,True,False,False,0.1,0.005,1.0,61.00934878786059,60.42,51
157,'cifar100','deit_small_patch16_224',500,0.5,'all_layers',1.0,1e-05,True,True,False,0.1,0.001,0.75,58.57706243869237,57.31,51
152,'cifar100','deit_small_patch16_224',500,0.5,'all_layers',1.0,1e-05,True,False,False,0.1,0.001,0.75,57.904430164354494,56.82,51
92,'cifar100','deit_small_patch16_224',500,0.5,'all_layers',1.0,1e-05,True,False,False,0.2,0.01,0.75,56.23085700558525,55.9,51
97,'cifar100','deit_small_patch16_224',500,0.5,'all_layers',1.0,1e-05,True,True,False,0.2,0.01,0.75,55.58024543070486,55.27,51
87,'cifar100','deit_small_patch16_224',500,0.5,'all_layers',1.0,1e-05,True,True,False,0.2,0.005,0.75,55.63029247492643,54.74,51
82,'cifar100','deit_small_patch16_224',500,0.5,'all_layers',1.0,1e-05,True,False,False,0.2,0.005,0.75,54.9496526735131,54.1,51
117,'cifar100','deit_small_patch16_224',500,0.5,'all_layers',1.0,1e-05,True,True,False,0.1,0.001,1.0,54.81152283146157,53.94,51
112,'cifar100','deit_small_patch16_224',500,0.5,'all_layers',1.0,1e-05,True,False,False,0.1,0.001,1.0,54.0528096410626,52.92,51
137,'cifar100','deit_small_patch16_224',500,0.5,'all_layers',1.0,1e-05,True,True,False,0.2,0.005,1.0,52.20106900486457,51.18,51
122,'cifar100','deit_small_patch16_224',500,0.5,'all_layers',1.0,1e-05,True,False,False,0.2,0.01,1.0,50.82577622965588,50.42,51
132,'cifar100','deit_small_patch16_224',500,0.5,'all_layers',1.0,1e-05,True,False,False,0.2,0.005,1.0,51.04197946069305,49.92,51
127,'cifar100','deit_small_patch16_224',500,0.5,'all_layers',1.0,1e-05,True,True,False,0.2,0.01,1.0,49.54257001581487,48.89,51
