,dataset,model,batch_size,sparsity,finetune_strategy,epsilon,delta,use_fixed_w_mask_finding,use_delta_weight_optim,use_w_tilde,classifier_lr,lr,clipping,Train acc,Test acc,Finished epochs
2,'cifar10','deit_tiny_patch16_224',500,0.1,'all_layers',1.0,1e-05,True,True,False,0.1,0.005,0.75,89.87166910248453,89.92,51
10,'cifar10','deit_tiny_patch16_224',500,0.1,'all_layers',1.0,1e-05,True,False,False,0.1,0.005,0.75,89.5032933592264,89.63,51
72,'cifar10','deit_tiny_patch16_224',500,0.1,'all_layers',1.0,1e-05,True,True,False,0.1,0.005,1.0,88.96674608100263,89.1,51
7,'cifar10','deit_tiny_patch16_224',500,0.1,'all_layers',1.0,1e-05,True,True,False,0.1,0.001,0.75,88.49826823359827,88.96,51
40,'cifar10','deit_tiny_patch16_224',500,0.1,'all_layers',1.0,1e-05,True,False,False,0.1,0.005,1.0,88.7124867364712,88.75,51
15,'cifar10','deit_tiny_patch16_224',500,0.1,'all_layers',1.0,1e-05,True,False,False,0.1,0.001,0.75,87.8255820937356,88.3,51
77,'cifar10','deit_tiny_patch16_224',500,0.1,'all_layers',1.0,1e-05,True,True,False,0.1,0.001,1.0,87.8335902620673,88.09,51
27,'cifar10','deit_tiny_patch16_224',500,0.1,'all_layers',1.0,1e-05,True,True,False,0.2,0.005,0.75,87.70746161084305,87.47,51
45,'cifar10','deit_tiny_patch16_224',500,0.1,'all_layers',1.0,1e-05,True,False,False,0.1,0.001,1.0,87.06080201805842,87.3,51
35,'cifar10','deit_tiny_patch16_224',500,0.1,'all_layers',1.0,1e-05,True,False,False,0.2,0.01,0.75,87.48123085547259,87.21,51
22,'cifar10','deit_tiny_patch16_224',500,0.1,'all_layers',1.0,1e-05,True,True,False,0.2,0.01,0.75,86.87461210434644,87.19,51
30,'cifar10','deit_tiny_patch16_224',500,0.1,'all_layers',1.0,1e-05,True,False,False,0.2,0.005,0.75,87.16090412220466,86.68,51
67,'cifar10','deit_tiny_patch16_224',500,0.1,'all_layers',1.0,1e-05,True,True,False,0.2,0.005,1.0,86.40613425694208,86.29,51
55,'cifar10','deit_tiny_patch16_224',500,0.1,'all_layers',1.0,1e-05,True,False,False,0.2,0.01,1.0,85.86358085246952,85.71,51
50,'cifar10','deit_tiny_patch16_224',500,0.1,'all_layers',1.0,1e-05,True,False,False,0.2,0.005,1.0,86.00972992452301,85.69,51
62,'cifar10','deit_tiny_patch16_224',500,0.1,'all_layers',1.0,1e-05,True,True,False,0.2,0.01,1.0,84.40609421610043,84.52,51
