,dataset,model,batch_size,sparsity,finetune_strategy,epsilon,delta,use_fixed_w_mask_finding,use_delta_weight_optim,use_w_tilde,classifier_lr,lr,clipping,Train acc,Test acc,Finished epochs
145,'cifar100','deit_small_patch16_224',500,0.1,'all_layers',1.0,1e-05,True,True,False,0.1,0.005,0.75,64.59672091766261,64.07,51
140,'cifar100','deit_small_patch16_224',500,0.1,'all_layers',1.0,1e-05,True,False,False,0.1,0.005,0.75,62.85308189698316,62.06,51
105,'cifar100','deit_small_patch16_224',500,0.1,'all_layers',1.0,1e-05,True,True,False,0.1,0.005,1.0,60.69505335014914,60.15,51
155,'cifar100','deit_small_patch16_224',500,0.1,'all_layers',1.0,1e-05,True,True,False,0.1,0.001,0.75,60.09849258302805,58.92,51
100,'cifar100','deit_small_patch16_224',500,0.1,'all_layers',1.0,1e-05,True,False,False,0.1,0.005,1.0,59.24368906772366,58.0,51
150,'cifar100','deit_small_patch16_224',500,0.1,'all_layers',1.0,1e-05,True,False,False,0.1,0.001,0.75,57.97449602626469,56.67,51
115,'cifar100','deit_small_patch16_224',500,0.1,'all_layers',1.0,1e-05,True,True,False,0.1,0.001,1.0,56.28490781334455,54.96,51
95,'cifar100','deit_small_patch16_224',500,0.1,'all_layers',1.0,1e-05,True,True,False,0.2,0.01,0.75,54.39713330530699,53.52,51
85,'cifar100','deit_small_patch16_224',500,0.1,'all_layers',1.0,1e-05,True,True,False,0.2,0.005,0.75,54.22697335495366,53.3,51
90,'cifar100','deit_small_patch16_224',500,0.1,'all_layers',1.0,1e-05,True,False,False,0.2,0.01,0.75,53.38017736672472,52.84,51
110,'cifar100','deit_small_patch16_224',500,0.1,'all_layers',1.0,1e-05,True,False,False,0.1,0.001,1.0,53.52231097231397,52.0,51
80,'cifar100','deit_small_patch16_224',500,0.1,'all_layers',1.0,1e-05,True,False,False,0.2,0.005,0.75,50.87181951033972,49.69,51
135,'cifar100','deit_small_patch16_224',500,0.1,'all_layers',1.0,1e-05,True,True,False,0.2,0.005,1.0,48.49758773246852,47.64,51
125,'cifar100','deit_small_patch16_224',500,0.1,'all_layers',1.0,1e-05,True,True,False,0.2,0.01,1.0,48.43152563409605,47.52,51
120,'cifar100','deit_small_patch16_224',500,0.1,'all_layers',1.0,1e-05,True,False,False,0.2,0.01,1.0,46.71391107641183,45.96,51
130,'cifar100','deit_small_patch16_224',500,0.1,'all_layers',1.0,1e-05,True,False,False,0.2,0.005,1.0,42.53398194302645,41.02,51
