,dataset,model,batch_size,sparsity,finetune_strategy,epsilon,delta,use_fixed_w_mask_finding,use_delta_weight_optim,use_w_tilde,classifier_lr,lr,clipping,Train acc,Test acc,Finished epochs
146,'cifar100','deit_small_patch16_224',500,0.2,'all_layers',1.0,1e-05,True,True,False,0.1,0.005,0.75,64.62474726242668,64.59,51
141,'cifar100','deit_small_patch16_224',500,0.2,'all_layers',1.0,1e-05,True,False,False,0.1,0.005,0.75,63.57576121554261,63.02,51
106,'cifar100','deit_small_patch16_224',500,0.2,'all_layers',1.0,1e-05,True,True,False,0.1,0.005,1.0,60.92526975356835,60.58,51
101,'cifar100','deit_small_patch16_224',500,0.2,'all_layers',1.0,1e-05,True,False,False,0.1,0.005,1.0,60.1065001101035,59.17,51
156,'cifar100','deit_small_patch16_224',500,0.2,'all_layers',1.0,1e-05,True,True,False,0.1,0.001,0.75,59.76017456409024,58.73,51
151,'cifar100','deit_small_patch16_224',500,0.2,'all_layers',1.0,1e-05,True,False,False,0.1,0.001,0.75,58.19270113907073,56.93,51
116,'cifar100','deit_small_patch16_224',500,0.2,'all_layers',1.0,1e-05,True,True,False,0.1,0.001,1.0,55.95659920325106,54.92,51
96,'cifar100','deit_small_patch16_224',500,0.2,'all_layers',1.0,1e-05,True,True,False,0.2,0.01,0.75,55.135827678017336,54.71,51
91,'cifar100','deit_small_patch16_224',500,0.2,'all_layers',1.0,1e-05,True,False,False,0.2,0.01,0.75,54.9876884271215,54.16,51
86,'cifar100','deit_small_patch16_224',500,0.2,'all_layers',1.0,1e-05,True,True,False,0.2,0.005,0.75,54.68540428002322,53.9,51
111,'cifar100','deit_small_patch16_224',500,0.2,'all_layers',1.0,1e-05,True,False,False,0.1,0.001,1.0,54.026785178067385,52.61,51
81,'cifar100','deit_small_patch16_224',500,0.2,'all_layers',1.0,1e-05,True,False,False,0.2,0.005,0.75,52.89171821512222,51.9,51
126,'cifar100','deit_small_patch16_224',500,0.2,'all_layers',1.0,1e-05,True,True,False,0.2,0.01,1.0,49.64466598602687,48.91,51
136,'cifar100','deit_small_patch16_224',500,0.2,'all_layers',1.0,1e-05,True,True,False,0.2,0.005,1.0,49.928933197205374,48.75,51
121,'cifar100','deit_small_patch16_224',500,0.2,'all_layers',1.0,1e-05,True,False,False,0.2,0.01,1.0,49.64466598602687,48.24,51
131,'cifar100','deit_small_patch16_224',500,0.2,'all_layers',1.0,1e-05,True,False,False,0.2,0.005,1.0,45.79104358096611,44.56,51
