,dataset,model,batch_size,sparsity,finetune_strategy,epsilon,delta,use_fixed_w_mask_finding,use_delta_weight_optim,use_w_tilde,classifier_lr,lr,clipping,Train acc,Test acc,Finished epochs
13,'cifar10','deit_tiny_patch16_224',500,0.2,'all_layers',1.0,1e-05,True,True,False,0.1,0.005,0.75,90.13393661534764,90.06,51
0,'cifar10','deit_tiny_patch16_224',500,0.2,'all_layers',1.0,1e-05,True,False,False,0.1,0.005,0.75,89.86566297623575,89.95,51
43,'cifar10','deit_tiny_patch16_224',500,0.2,'all_layers',1.0,1e-05,True,True,False,0.1,0.005,1.0,89.17095437346093,89.16,51
18,'cifar10','deit_tiny_patch16_224',500,0.2,'all_layers',1.0,1e-05,True,True,False,0.1,0.001,0.75,88.68846223147611,89.04,51
70,'cifar10','deit_tiny_patch16_224',500,0.2,'all_layers',1.0,1e-05,True,False,False,0.1,0.005,1.0,89.17095437346093,89.03,51
5,'cifar10','deit_tiny_patch16_224',500,0.2,'all_layers',1.0,1e-05,True,False,False,0.1,0.001,0.75,88.30206810947166,88.66,51
48,'cifar10','deit_tiny_patch16_224',500,0.2,'all_layers',1.0,1e-05,True,True,False,0.1,0.001,1.0,88.00576588119883,88.14,51
33,'cifar10','deit_tiny_patch16_224',500,0.2,'all_layers',1.0,1e-05,True,True,False,0.2,0.005,0.75,88.19595987907665,87.84,51
75,'cifar10','deit_tiny_patch16_224',500,0.2,'all_layers',1.0,1e-05,True,False,False,0.1,0.001,1.0,87.5733247912871,87.77,51
25,'cifar10','deit_tiny_patch16_224',500,0.2,'all_layers',1.0,1e-05,True,False,False,0.2,0.005,0.75,87.82157800956976,87.52,51
20,'cifar10','deit_tiny_patch16_224',500,0.2,'all_layers',1.0,1e-05,True,False,False,0.2,0.01,0.75,87.55530641254079,87.33,51
38,'cifar10','deit_tiny_patch16_224',500,0.2,'all_layers',1.0,1e-05,True,True,False,0.2,0.01,0.75,87.01475505015115,87.2,51
53,'cifar10','deit_tiny_patch16_224',500,0.2,'all_layers',1.0,1e-05,True,True,False,0.2,0.005,1.0,86.95669582974634,86.59,51
65,'cifar10','deit_tiny_patch16_224',500,0.2,'all_layers',1.0,1e-05,True,False,False,0.2,0.005,1.0,86.7905263368636,86.26,51
60,'cifar10','deit_tiny_patch16_224',500,0.2,'all_layers',1.0,1e-05,True,False,False,0.2,0.01,1.0,85.56127249794791,85.38,51
58,'cifar10','deit_tiny_patch16_224',500,0.2,'all_layers',1.0,1e-05,True,True,False,0.2,0.01,1.0,84.18386754489579,84.15,51
