,dataset,model,batch_size,sparsity,finetune_strategy,epsilon,delta,use_fixed_w_mask_finding,use_delta_weight_optim,use_w_tilde,classifier_lr,lr,clipping,Train acc,Test acc,Finished epochs
185,'cifar10','deit_small_patch16_224',500,0.1,'all_layers',1.0,1e-05,True,True,False,0.1,0.005,0.75,93.6458125124925,93.85,51
225,'cifar10','deit_small_patch16_224',500,0.1,'all_layers',1.0,1e-05,True,True,False,0.1,0.005,1.0,93.07615430741556,93.17,51
180,'cifar10','deit_small_patch16_224',500,0.1,'all_layers',1.0,1e-05,True,False,False,0.1,0.005,0.75,93.15210873475914,93.01,51
220,'cifar10','deit_small_patch16_224',500,0.1,'all_layers',1.0,1e-05,True,False,False,0.1,0.005,1.0,92.6644013591845,92.23,51
195,'cifar10','deit_small_patch16_224',500,0.1,'all_layers',1.0,1e-05,True,True,False,0.1,0.001,0.75,92.06476114331402,92.17,51
165,'cifar10','deit_small_patch16_224',500,0.1,'all_layers',1.0,1e-05,True,True,False,0.2,0.005,0.75,92.08674795122926,91.84,51
190,'cifar10','deit_small_patch16_224',500,0.1,'all_layers',1.0,1e-05,True,False,False,0.1,0.001,0.75,91.51509094543276,91.7,51
175,'cifar10','deit_small_patch16_224',500,0.1,'all_layers',1.0,1e-05,True,True,False,0.2,0.01,0.75,91.9888067159704,91.69,51
235,'cifar10','deit_small_patch16_224',500,0.1,'all_layers',1.0,1e-05,True,True,False,0.1,0.001,1.0,91.4851089346392,91.41,51
170,'cifar10','deit_small_patch16_224',500,0.1,'all_layers',1.0,1e-05,True,False,False,0.2,0.01,0.75,91.6370177893264,90.97,51
215,'cifar10','deit_small_patch16_224',500,0.1,'all_layers',1.0,1e-05,True,True,False,0.2,0.005,1.0,91.20127923246052,90.87,51
230,'cifar10','deit_small_patch16_224',500,0.1,'all_layers',1.0,1e-05,True,False,False,0.1,0.001,1.0,90.68558864681192,90.79,51
160,'cifar10','deit_small_patch16_224',500,0.1,'all_layers',1.0,1e-05,True,False,False,0.2,0.005,0.75,91.1772936238257,90.77,51
200,'cifar10','deit_small_patch16_224',500,0.1,'all_layers',1.0,1e-05,True,False,False,0.2,0.01,1.0,90.35178892664402,90.39,51
205,'cifar10','deit_small_patch16_224',500,0.1,'all_layers',1.0,1e-05,True,True,False,0.2,0.01,1.0,90.43573855686589,90.33,51
210,'cifar10','deit_small_patch16_224',500,0.1,'all_layers',1.0,1e-05,True,False,False,0.2,0.005,1.0,90.27583449930042,89.68,51
