,dataset,model,batch_size,sparsity,finetune_strategy,epsilon,delta,use_fixed_w_mask_finding,use_delta_weight_optim,use_w_tilde,classifier_lr,lr,clipping,Train acc,Test acc,Finished epochs
186,'cifar10','deit_small_patch16_224',500,0.2,'all_layers',1.0,1e-05,True,True,False,0.1,0.005,0.75,93.8157105736558,93.98,51
181,'cifar10','deit_small_patch16_224',500,0.2,'all_layers',1.0,1e-05,True,False,False,0.1,0.005,0.75,93.62582450529682,93.49,51
226,'cifar10','deit_small_patch16_224',500,0.2,'all_layers',1.0,1e-05,True,True,False,0.1,0.005,1.0,93.31601039376376,93.28,51
221,'cifar10','deit_small_patch16_224',500,0.2,'all_layers',1.0,1e-05,True,False,False,0.1,0.005,1.0,93.0861483110134,92.93,51
196,'cifar10','deit_small_patch16_224',500,0.2,'all_layers',1.0,1e-05,True,True,False,0.1,0.001,0.75,92.30261842894264,92.31,51
166,'cifar10','deit_small_patch16_224',500,0.2,'all_layers',1.0,1e-05,True,True,False,0.2,0.005,0.75,92.342594443334,92.24,51
191,'cifar10','deit_small_patch16_224',500,0.2,'all_layers',1.0,1e-05,True,False,False,0.1,0.001,0.75,91.89886068358985,92.11,51
176,'cifar10','deit_small_patch16_224',500,0.2,'all_layers',1.0,1e-05,True,True,False,0.2,0.01,0.75,92.03078153108136,91.96,51
171,'cifar10','deit_small_patch16_224',500,0.2,'all_layers',1.0,1e-05,True,False,False,0.2,0.01,0.75,92.07075754547272,91.84,51
236,'cifar10','deit_small_patch16_224',500,0.2,'all_layers',1.0,1e-05,True,True,False,0.1,0.001,1.0,91.7629422346592,91.67,51
161,'cifar10','deit_small_patch16_224',500,0.2,'all_layers',1.0,1e-05,True,False,False,0.2,0.005,0.75,91.93683789726164,91.66,51
231,'cifar10','deit_small_patch16_224',500,0.2,'all_layers',1.0,1e-05,True,False,False,0.1,0.001,1.0,91.24325404757144,91.35,51
216,'cifar10','deit_small_patch16_224',500,0.2,'all_layers',1.0,1e-05,True,True,False,0.2,0.005,1.0,91.65900459724166,91.24,51
211,'cifar10','deit_small_patch16_224',500,0.2,'all_layers',1.0,1e-05,True,False,False,0.2,0.005,1.0,91.35718568858684,90.95,51
201,'cifar10','deit_small_patch16_224',500,0.2,'all_layers',1.0,1e-05,True,False,False,0.2,0.01,1.0,90.60163901659004,90.43,51
206,'cifar10','deit_small_patch16_224',500,0.2,'all_layers',1.0,1e-05,True,True,False,0.2,0.01,1.0,90.1579052568459,90.15,51
