,dataset,model,batch_size,sparsity,finetune_strategy,epsilon,delta,use_fixed_w_mask_finding,use_delta_weight_optim,use_w_tilde,classifier_lr,lr,clipping,Train acc,Test acc,Finished epochs
3,'cifar10','deit_tiny_patch16_224',500,0.5,'all_layers',1.0,1e-05,True,True,False,0.1,0.005,0.75,90.45226130653266,90.5,51
11,'cifar10','deit_tiny_patch16_224',500,0.5,'all_layers',1.0,1e-05,True,False,False,0.1,0.005,0.75,90.47828785361068,90.36,51
8,'cifar10','deit_tiny_patch16_224',500,0.5,'all_layers',1.0,1e-05,True,True,False,0.1,0.001,0.75,89.02480530140744,89.24,51
41,'cifar10','deit_tiny_patch16_224',500,0.5,'all_layers',1.0,1e-05,True,False,False,0.1,0.005,1.0,89.4532423071533,89.24,51
73,'cifar10','deit_tiny_patch16_224',500,0.5,'all_layers',1.0,1e-05,True,True,False,0.1,0.005,1.0,89.38917696049971,89.22,51
16,'cifar10','deit_tiny_patch16_224',500,0.5,'all_layers',1.0,1e-05,True,False,False,0.1,0.001,0.75,88.91669502892951,89.06,51
31,'cifar10','deit_tiny_patch16_224',500,0.5,'all_layers',1.0,1e-05,True,False,False,0.2,0.005,0.75,88.75653166229554,88.51,51
78,'cifar10','deit_tiny_patch16_224',500,0.5,'all_layers',1.0,1e-05,True,True,False,0.1,0.001,1.0,88.53030090692506,88.46,51
28,'cifar10','deit_tiny_patch16_224',500,0.5,'all_layers',1.0,1e-05,True,True,False,0.2,0.005,0.75,88.73651124146629,88.42,51
46,'cifar10','deit_tiny_patch16_224',500,0.5,'all_layers',1.0,1e-05,True,False,False,0.1,0.001,1.0,88.34010690904722,88.3,51
51,'cifar10','deit_tiny_patch16_224',500,0.5,'all_layers',1.0,1e-05,True,False,False,0.2,0.005,1.0,87.47122064505795,87.45,51
68,'cifar10','deit_tiny_patch16_224',500,0.5,'all_layers',1.0,1e-05,True,True,False,0.2,0.005,1.0,87.28102664718013,87.3,51
36,'cifar10','deit_tiny_patch16_224',500,0.5,'all_layers',1.0,1e-05,True,False,False,0.2,0.01,0.75,86.82055696810747,87.02,51
23,'cifar10','deit_tiny_patch16_224',500,0.5,'all_layers',1.0,1e-05,True,True,False,0.2,0.01,0.75,86.43816693026888,86.55,51
56,'cifar10','deit_tiny_patch16_224',500,0.5,'all_layers',1.0,1e-05,True,False,False,0.2,0.01,1.0,83.15281587218963,82.89,51
63,'cifar10','deit_tiny_patch16_224',500,0.5,'all_layers',1.0,1e-05,True,True,False,0.2,0.01,1.0,82.57422571022443,82.15,51
