,dataset,model,batch_size,sparsity,finetune_strategy,epsilon,delta,use_fixed_w_mask_finding,use_delta_weight_optim,use_w_tilde,classifier_lr,lr,clipping,Train acc,Test acc,Finished epochs
1,'cifar10','deit_tiny_patch16_224',500,0.8,'all_layers',1.0,1e-05,True,False,False,0.1,0.005,0.75,90.37017758113276,90.38,51
14,'cifar10','deit_tiny_patch16_224',500,0.8,'all_layers',1.0,1e-05,True,True,False,0.1,0.005,0.75,90.39620412821075,90.22,51
19,'cifar10','deit_tiny_patch16_224',500,0.8,'all_layers',1.0,1e-05,True,True,False,0.1,0.001,0.75,89.26304830927546,89.54,51
6,'cifar10','deit_tiny_patch16_224',500,0.8,'all_layers',1.0,1e-05,True,False,False,0.1,0.001,0.75,89.23501972011452,89.44,51
44,'cifar10','deit_tiny_patch16_224',500,0.8,'all_layers',1.0,1e-05,True,True,False,0.1,0.005,1.0,88.94272157600753,89.02,51
71,'cifar10','deit_tiny_patch16_224',500,0.8,'all_layers',1.0,1e-05,True,False,False,0.1,0.005,1.0,88.93271136559291,88.99,51
49,'cifar10','deit_tiny_patch16_224',500,0.8,'all_layers',1.0,1e-05,True,True,False,0.1,0.001,1.0,88.72449898896875,88.82,51
76,'cifar10','deit_tiny_patch16_224',500,0.8,'all_layers',1.0,1e-05,True,False,False,0.1,0.001,1.0,88.71649082063705,88.71,51
26,'cifar10','deit_tiny_patch16_224',500,0.8,'all_layers',1.0,1e-05,True,False,False,0.2,0.005,0.75,88.78055616729064,88.6,51
34,'cifar10','deit_tiny_patch16_224',500,0.8,'all_layers',1.0,1e-05,True,True,False,0.2,0.005,0.75,88.73050511521753,88.51,51
54,'cifar10','deit_tiny_patch16_224',500,0.8,'all_layers',1.0,1e-05,True,True,False,0.2,0.005,1.0,87.00874892390237,87.0,51
66,'cifar10','deit_tiny_patch16_224',500,0.8,'all_layers',1.0,1e-05,True,False,False,0.2,0.005,1.0,87.02276321848285,86.99,51
21,'cifar10','deit_tiny_patch16_224',500,0.8,'all_layers',1.0,1e-05,True,False,False,0.2,0.01,0.75,85.08078239804601,85.29,51
39,'cifar10','deit_tiny_patch16_224',500,0.8,'all_layers',1.0,1e-05,True,True,False,0.2,0.01,0.75,84.94464353640714,84.96,51
61,'cifar10','deit_tiny_patch16_224',500,0.8,'all_layers',1.0,1e-05,True,False,False,0.2,0.01,1.0,80.26587118861238,80.21,51
59,'cifar10','deit_tiny_patch16_224',500,0.8,'all_layers',1.0,1e-05,True,True,False,0.2,0.01,1.0,79.93153016076398,79.75,51
