,dataset,model,batch_size,sparsity,finetune_strategy,epsilon,delta,use_fixed_w_mask_finding,use_delta_weight_optim,use_w_tilde,classifier_lr,lr,clipping,Train acc,Test acc,Finished epochs
12,'cifar10','deit_tiny_patch16_224',500,0.9,'all_layers',1.0,1e-05,True,False,False,0.1,0.005,0.75,90.49830827443994,90.32,51
4,'cifar10','deit_tiny_patch16_224',500,0.9,'all_layers',1.0,1e-05,True,True,False,0.1,0.005,0.75,90.4642735590302,90.24,51
9,'cifar10','deit_tiny_patch16_224',500,0.9,'all_layers',1.0,1e-05,True,True,False,0.1,0.001,0.75,89.3231095717632,89.56,51
17,'cifar10','deit_tiny_patch16_224',500,0.9,'all_layers',1.0,1e-05,True,False,False,0.1,0.001,0.75,89.28106668802178,89.47,51
42,'cifar10','deit_tiny_patch16_224',500,0.9,'all_layers',1.0,1e-05,True,False,False,0.1,0.005,1.0,88.9647440389197,89.08,51
74,'cifar10','deit_tiny_patch16_224',500,0.9,'all_layers',1.0,1e-05,True,True,False,0.1,0.005,1.0,88.97875833350017,88.95,51
47,'cifar10','deit_tiny_patch16_224',500,0.9,'all_layers',1.0,1e-05,True,False,False,0.1,0.001,1.0,88.7785541252077,88.73,51
79,'cifar10','deit_tiny_patch16_224',500,0.9,'all_layers',1.0,1e-05,True,True,False,0.1,0.001,1.0,88.82259905103206,88.73,51
32,'cifar10','deit_tiny_patch16_224',500,0.9,'all_layers',1.0,1e-05,True,False,False,0.2,0.005,0.75,88.77254799895894,88.51,51
29,'cifar10','deit_tiny_patch16_224',500,0.9,'all_layers',1.0,1e-05,True,True,False,0.2,0.005,0.75,88.82259905103206,88.42,51
52,'cifar10','deit_tiny_patch16_224',500,0.9,'all_layers',1.0,1e-05,True,False,False,0.2,0.005,1.0,87.06280406014135,86.83,51
69,'cifar10','deit_tiny_patch16_224',500,0.9,'all_layers',1.0,1e-05,True,True,False,0.2,0.005,1.0,87.02676730264871,86.6,51
37,'cifar10','deit_tiny_patch16_224',500,0.9,'all_layers',1.0,1e-05,True,False,False,0.2,0.01,0.75,84.50819836232958,84.84,51
24,'cifar10','deit_tiny_patch16_224',500,0.9,'all_layers',1.0,1e-05,True,True,False,0.2,0.01,0.75,84.48417385733448,84.47,51
57,'cifar10','deit_tiny_patch16_224',500,0.9,'all_layers',1.0,1e-05,True,False,False,0.2,0.01,1.0,79.35894612504755,79.41,51
64,'cifar10','deit_tiny_patch16_224',500,0.9,'all_layers',1.0,1e-05,True,True,False,0.2,0.01,1.0,79.3229093675549,78.97,51
