,dataset,model,batch_size,sparsity,finetune_strategy,epsilon,delta,use_fixed_w_mask_finding,use_delta_weight_optim,use_w_tilde,classifier_lr,lr,clipping,Train acc,Test acc,Finished epochs
184,'cifar10','deit_small_patch16_224',500,0.9,'all_layers',1.0,1e-05,True,False,False,0.1,0.005,0.75,93.85768538876674,93.95,51
189,'cifar10','deit_small_patch16_224',500,0.9,'all_layers',1.0,1e-05,True,True,False,0.1,0.005,0.75,93.87167699380372,93.93,51
194,'cifar10','deit_small_patch16_224',500,0.9,'all_layers',1.0,1e-05,True,False,False,0.1,0.001,0.75,92.81231261243254,93.01,51
199,'cifar10','deit_small_patch16_224',500,0.9,'all_layers',1.0,1e-05,True,True,False,0.1,0.001,0.75,92.83030181890864,92.96,51
169,'cifar10','deit_small_patch16_224',500,0.9,'all_layers',1.0,1e-05,True,True,False,0.2,0.005,0.75,92.73835698580852,92.93,51
164,'cifar10','deit_small_patch16_224',500,0.9,'all_layers',1.0,1e-05,True,False,False,0.2,0.005,0.75,92.69838097141717,92.8,51
229,'cifar10','deit_small_patch16_224',500,0.9,'all_layers',1.0,1e-05,True,True,False,0.1,0.005,1.0,92.884269438337,92.79,51
224,'cifar10','deit_small_patch16_224',500,0.9,'all_layers',1.0,1e-05,True,False,False,0.1,0.005,1.0,92.86428143114132,92.74,51
239,'cifar10','deit_small_patch16_224',500,0.9,'all_layers',1.0,1e-05,True,True,False,0.1,0.001,1.0,92.50249850089946,92.57,51
234,'cifar10','deit_small_patch16_224',500,0.9,'all_layers',1.0,1e-05,True,False,False,0.1,0.001,1.0,92.49050569658203,92.55,51
219,'cifar10','deit_small_patch16_224',500,0.9,'all_layers',1.0,1e-05,True,True,False,0.2,0.005,1.0,91.57705376773936,91.48,51
214,'cifar10','deit_small_patch16_224',500,0.9,'all_layers',1.0,1e-05,True,False,False,0.2,0.005,1.0,91.54507295622626,91.36,51
174,'cifar10','deit_small_patch16_224',500,0.9,'all_layers',1.0,1e-05,True,False,False,0.2,0.01,0.75,90.13991605036978,89.88,51
179,'cifar10','deit_small_patch16_224',500,0.9,'all_layers',1.0,1e-05,True,True,False,0.2,0.01,0.75,90.1579052568459,89.87,51
209,'cifar10','deit_small_patch16_224',500,0.9,'all_layers',1.0,1e-05,True,True,False,0.2,0.01,1.0,86.486108334999,86.06,51
204,'cifar10','deit_small_patch16_224',500,0.9,'all_layers',1.0,1e-05,True,False,False,0.2,0.01,1.0,86.51609034579252,85.97,51
